address,dex,version,token0_address,token0_symbol,token0_decimals,token1_address,token1_symbol,token1_decimals,fee,reserve0,reserve1,liquidity,sqrtPriceX96,tick,isActive,lastUpdated
"0xA9DaFa443a02FBc907Cb0093276B3E6F4ef02A46","uniswap-v3","v3","0x4200000000000000000000000000000000000006","WETH","18","0x2Ae3F1Ec7F1F5012CFEab0185bfc7aa3cf0DEc22","cbETH","18","100","","","36579297037193903741197","83882909038436001033424874200","1141","true","1769243860075"
"0x3B8000CD10625ABdC7370fb47eD4D4a9C6311fD5","uniswap-v3","v3","0x4200000000000000000000000000000000000006","WETH","18","0xd9aAEc86B65D86f6A7B5B1b0c42FFA531710b6CA","USDbC","6","100","","","38280873106995","4307008852577720503570345","-196407","true","1769243860183"
"0x20E068D76f9E90b90604500B84c7e19dCB923e7e","uniswap-v3","v3","0x4200000000000000000000000000000000000006","WETH","18","0xc1CBa3fCea344f92D9239c08C0568f6F2F0ee452","wstETH","18","100","","","243232822693999498023178","71583204874310866237830764295","-2030","true","1769241353335"
"0xb4CB800910B228ED3d0834cF79D697127BBB00e5","uniswap-v3","v3","0x4200000000000000000000000000000000000006","WETH","18","0x833589fCD6eDb6E08f4c7C32D4f71b54bdA02913","USDC","6","100","","","52755251494436847","4307375110554613819225329","-196405","true","1769241353973"
"0xB1419a7f9e8c6e434B1D05377e0Dbc4154E3DE78","uniswap-v3","v3","0x4200000000000000000000000000000000000006","WETH","18","0x04C0599Ae5A44757c0af6F9eC3b93da8976c150A","weETH","18","100","","","5170373731296414107179","82584075501542526295648137027","829","true","1769241354604"
"0x4c1e404a013bF1917fAf2dBF5E5cEf3E9Bafb5aa","uniswap-v3","v3","0x4200000000000000000000000000000000000006","WETH","18","0xcbB7C0000aB88B473b1f5aFd9ef808440eed33Bf","cbBTC","8","100","","","16840076555164","143953913124369628326702","-264381","true","1769241355179"
"0xc6C0d11Ac74e444835cBc11B5500Fa7802632214","uniswap-v3","v3","0x4200000000000000000000000000000000000006","WETH","18","0x2416092f143378750bb29b79eD961ab195CcEea5","ezETH","18","100","","","0","4295128740","-887272","true","1769241355749"
"0x6Ac0EB56E6c2e7039d40E75e839895d8aa62Fa9b","uniswap-v3","v3","0x2Ae3F1Ec7F1F5012CFEab0185bfc7aa3cf0DEc22","cbETH","18","0xc1CBa3fCea344f92D9239c08C0568f6F2F0ee452","wstETH","18","100","","","0","75808884105758738782691900145","-883","true","1769241356318"
"0xf0913aF89C3CF89256196fE5Ea3E5370Dc90c026","uniswap-v3","v3","0x2Ae3F1Ec7F1F5012CFEab0185bfc7aa3cf0DEc22","cbETH","18","0x833589fCD6eDb6E08f4c7C32D4f71b54bdA02913","USDC","6","100","","","0","4707107707007485501758938","-194630","true","1769241356894"
"0x2891a4Ad99014B8020AD80335330f00f8aEfD787","uniswap-v3","v3","0x2Ae3F1Ec7F1F5012CFEab0185bfc7aa3cf0DEc22","cbETH","18","0xcbB7C0000aB88B473b1f5aFd9ef808440eed33Bf","cbBTC","8","100","","","0","160806286104487357989617","-262166","true","1769241357493"
"0x06959273E9A65433De71F5A452D529544E07dDD0","uniswap-v3","v3","0xd9aAEc86B65D86f6A7B5B1b0c42FFA531710b6CA","USDbC","6","0x833589fCD6eDb6E08f4c7C32D4f71b54bdA02913","USDC","6","100","","","638221581322876","79228160975685865280489242098","-1","true","1769241358057"
"0x35C1281FA244f03d4b7e2C69a019ee5D099FB4CA","uniswap-v3","v3","0x833589fCD6eDb6E08f4c7C32D4f71b54bdA02913","USDC","6","0x04C0599Ae5A44757c0af6F9eC3b93da8976c150A","weETH","18","100","","","0","1461446703485210103287273052203988822378723970341","887271","true","1769241358714"
"0xE9e25E35aa99A2A60155010802b81A25C45bA185","uniswap-v3","v3","0x833589fCD6eDb6E08f4c7C32D4f71b54bdA02913","USDC","6","0xcbB7C0000aB88B473b1f5aFd9ef808440eed33Bf","cbBTC","8","100","","","991548793","2647494496740085132826584201","-67978","true","1769241359280"
"0x720651DE0fE574916fE9846004f3ad7f7E7D4ac4","uniswap-v3","v3","0xcbB7C0000aB88B473b1f5aFd9ef808440eed33Bf","cbBTC","8","0x236aa50979D5f3De3Bd1Eeb40E81137F22ab794b","tBTC","18","100","","","2604945738826857","791902717004893218675307","-230280","true","1769241359850"
"0x10648BA41B8565907Cfa1496765fA4D95390aa0d","uniswap-v3","v3","0x4200000000000000000000000000000000000006","WETH","18","0x2Ae3F1Ec7F1F5012CFEab0185bfc7aa3cf0DEc22","cbETH","18","500","","","12982448682479038772827","83866276858578836296189222934","1137","true","1769241360850"
"0x4C36388bE6F416A29C8d8Eee81C771cE6bE14B18","uniswap-v3","v3","0x4200000000000000000000000000000000000006","WETH","18","0xd9aAEc86B65D86f6A7B5B1b0c42FFA531710b6CA","USDbC","6","500","","","5485081097283367","4306717997175680325605928","-196409","true","1769241361454"
"0x6f4482cBF7b43599078fcb012732e20480015644","uniswap-v3","v3","0x4200000000000000000000000000000000000006","WETH","18","0xc1CBa3fCea344f92D9239c08C0568f6F2F0ee452","wstETH","18","500","","","2154978182391227688200","71585388749431691773962187718","-2029","true","1769241362029"
"0xd0b53D9277642d899DF5C87A3966A349A798F224","uniswap-v3","v3","0x4200000000000000000000000000000000000006","WETH","18","0x833589fCD6eDb6E08f4c7C32D4f71b54bdA02913","USDC","6","500","","","1764771684817382295","4307162080781538565877168","-196406","true","1769241362621"
"0x33dfD66802CC936a58a0B25B5E4F792c1CA2312E","uniswap-v3","v3","0x4200000000000000000000000000000000000006","WETH","18","0x04C0599Ae5A44757c0af6F9eC3b93da8976c150A","weETH","18","500","","","0","1461446703485210103287273052203988822378723970341","887271","true","1769241363189"
"0x7AeA2E8A3843516afa07293a10Ac8E49906dabD1","uniswap-v3","v3","0x4200000000000000000000000000000000000006","WETH","18","0xcbB7C0000aB88B473b1f5aFd9ef808440eed33Bf","cbBTC","8","500","","","69916959863906463","143930373718590810817772","-264384","true","1769241363779"
"0x58603091b4Da10685e114d85E330Cab36e655627","uniswap-v3","v3","0x4200000000000000000000000000000000000006","WETH","18","0x2416092f143378750bb29b79eD961ab195CcEea5","ezETH","18","500","","","2047996700336458760364","81914824350585450179449055753","666","true","1769241364349"
"0x97a25cc2793F0ffa90e1667cf7b3C1F130737189","uniswap-v3","v3","0x4200000000000000000000000000000000000006","WETH","18","0x236aa50979D5f3De3Bd1Eeb40E81137F22ab794b","tBTC","18","500","","","116949728033925","402120013353843945051623791219","32489","true","1769241364937"
"0xB7727BF6a431072041835eb3f2F5F85999758407","uniswap-v3","v3","0x2Ae3F1Ec7F1F5012CFEab0185bfc7aa3cf0DEc22","cbETH","18","0xd9aAEc86B65D86f6A7B5B1b0c42FFA531710b6CA","USDbC","6","500","","","0","1461446703485210103287273052203988822378723970341","887271","true","1769241365522"
"0x7c92c51b962263dE6449E11B59415C058980F455","uniswap-v3","v3","0x2Ae3F1Ec7F1F5012CFEab0185bfc7aa3cf0DEc22","cbETH","18","0xc1CBa3fCea344f92D9239c08C0568f6F2F0ee452","wstETH","18","500","","","7132438762696510146109","75781086744016846497842841351","-890","true","1769241366132"
"0xFdebEDc97D56EDd31AbdcB887570546B257964f2","uniswap-v3","v3","0x2Ae3F1Ec7F1F5012CFEab0185bfc7aa3cf0DEc22","cbETH","18","0x833589fCD6eDb6E08f4c7C32D4f71b54bdA02913","USDC","6","500","","","0","4295128740","-887272","true","1769241366700"
"0xFe8A89A48A242953481f41cd106f7672A1c0472e","uniswap-v3","v3","0x2Ae3F1Ec7F1F5012CFEab0185bfc7aa3cf0DEc22","cbETH","18","0xcbB7C0000aB88B473b1f5aFd9ef808440eed33Bf","cbBTC","8","500","","","0","4295128740","-887272","true","1769241367282"
"0x92722287D2819012dD8EC07b4e426AC00Dd11103","uniswap-v3","v3","0xd9aAEc86B65D86f6A7B5B1b0c42FFA531710b6CA","USDbC","6","0x833589fCD6eDb6E08f4c7C32D4f71b54bdA02913","USDC","6","500","","","3390302660684","79220391201512371149872549045","-2","true","1769241367863"
"0x4aF882a4D9C657d3c92aeb6126f5901699693417","uniswap-v3","v3","0xd9aAEc86B65D86f6A7B5B1b0c42FFA531710b6CA","USDbC","6","0xcbB7C0000aB88B473b1f5aFd9ef808440eed33Bf","cbBTC","8","500","","","0","2389911205609713101976516930502","68137","true","1769241368444"
"0x018046B1D182F7c0978c07610e1173c8e11913FD","uniswap-v3","v3","0xd9aAEc86B65D86f6A7B5B1b0c42FFA531710b6CA","USDbC","6","0x236aa50979D5f3De3Bd1Eeb40E81137F22ab794b","tBTC","18","500","","","0","18699647512047217655827463","-167040","true","1769241369013"
"0x45837e65E4c44cA260aB40E6dc30fF1B466a00cA","uniswap-v3","v3","0xc1CBa3fCea344f92D9239c08C0568f6F2F0ee452","wstETH","18","0x833589fCD6eDb6E08f4c7C32D4f71b54bdA02913","USDC","6","500","","","208501943951928","1316975198071201092396760262580424","194380","true","1769241369586"
"0xa2eaa6Ee9917C54a4b30bEAEE3E50AdEf5833Aa2","uniswap-v3","v3","0xc1CBa3fCea344f92D9239c08C0568f6F2F0ee452","wstETH","18","0xcbB7C0000aB88B473b1f5aFd9ef808440eed33Bf","cbBTC","8","500","","","0","173284741559582622662396","-260672","true","1769241370147"
"0x2CBe9598e25662eCe3217Bf3172d8F092fFbfcb9","uniswap-v3","v3","0x833589fCD6eDb6E08f4c7C32D4f71b54bdA02913","USDC","6","0x04C0599Ae5A44757c0af6F9eC3b93da8976c150A","weETH","18","500","","","0","3876828545598705523286922","-198512","true","1769241370775"
"0xfBB6Eed8e7aa03B138556eeDaF5D271A5E1e43ef","uniswap-v3","v3","0x833589fCD6eDb6E08f4c7C32D4f71b54bdA02913","USDC","6","0xcbB7C0000aB88B473b1f5aFd9ef808440eed33Bf","cbBTC","8","500","","","2457130744628","2647705676437919151034778620","-67977","true","1769241371346"
"0xbE03ed0c57Ee301505c26FA9dBFA8cc5ce255fcf","uniswap-v3","v3","0x833589fCD6eDb6E08f4c7C32D4f71b54bdA02913","USDC","6","0x236aa50979D5f3De3Bd1Eeb40E81137F22ab794b","tBTC","18","500","","","0","25655585460124217563981291","-160715","true","1769241371915"
"0x4d5887d717C93DD96F587F3e61De55C42e61546d","uniswap-v3","v3","0xcbB7C0000aB88B473b1f5aFd9ef808440eed33Bf","cbBTC","8","0x236aa50979D5f3De3Bd1Eeb40E81137F22ab794b","tBTC","18","500","","","6909561458038","791804583239487311009181","-230283","true","1769241372521"
"0x7B9636266734270DE5bE02544c04E27046903ff8","uniswap-v3","v3","0x4200000000000000000000000000000000000006","WETH","18","0x2Ae3F1Ec7F1F5012CFEab0185bfc7aa3cf0DEc22","cbETH","18","3000","","","2008567132672665337","83881851856396797463199490487","1141","true","1769241373099"
"0x3DdF264AC95D19e81f8c25f4c300C4e59e424d43","uniswap-v3","v3","0x4200000000000000000000000000000000000006","WETH","18","0xd9aAEc86B65D86f6A7B5B1b0c42FFA531710b6CA","USDbC","6","3000","","","1385543841160100","4308213304404132517130512","-196402","true","1769241373667"
"0x106C077A4D5B422E6e01c1442F7b3321c3281AF4","uniswap-v3","v3","0x4200000000000000000000000000000000000006","WETH","18","0xc1CBa3fCea344f92D9239c08C0568f6F2F0ee452","wstETH","18","3000","","","0","4295128740","-887272","true","1769241374247"
"0x6c561B446416E1A00E8E93E221854d6eA4171372","uniswap-v3","v3","0x4200000000000000000000000000000000000006","WETH","18","0x833589fCD6eDb6E08f4c7C32D4f71b54bdA02913","USDC","6","3000","","","7132654588898072536","4308939946901462618680807","-196398","true","1769241374812"
"0x06b80B12048a37f3762a0015A80Ac0BB37C4e539","uniswap-v3","v3","0x4200000000000000000000000000000000000006","WETH","18","0x04C0599Ae5A44757c0af6F9eC3b93da8976c150A","weETH","18","3000","","","3699910137837320","82393159562850282165885463316","783","true","1769241375383"
"0x8c7080564B5A792A33Ef2FD473fbA6364d5495e5","uniswap-v3","v3","0x4200000000000000000000000000000000000006","WETH","18","0xcbB7C0000aB88B473b1f5aFd9ef808440eed33Bf","cbBTC","8","3000","","","57550231427996315","143815115695842279019401","-264400","true","1769241375996"
"0x78aDEE7Cc019eECFc31F6b961d51177A5830E738","uniswap-v3","v3","0x4200000000000000000000000000000000000006","WETH","18","0x2416092f143378750bb29b79eD961ab195CcEea5","ezETH","18","3000","","","147562229709952","81615161794285813347859672296","593","true","1769241376625"
"0x9fee7385a2979D15277C3467Db7D99EF1A2669D7","uniswap-v3","v3","0x4200000000000000000000000000000000000006","WETH","18","0x236aa50979D5f3De3Bd1Eeb40E81137F22ab794b","tBTC","18","3000","","","21818233631871593","436255278248724419116071094391","34119","true","1769241377201"
"0x59c1991CB22e9c1454d5D061e1e16FDcADf185D5","uniswap-v3","v3","0x2Ae3F1Ec7F1F5012CFEab0185bfc7aa3cf0DEc22","cbETH","18","0xd9aAEc86B65D86f6A7B5B1b0c42FFA531710b6CA","USDbC","6","3000","","","0","5140502203235580655647513","-192869","true","1769241377768"
"0xa8E4C55D6dAf4D768aeBa2378c1AD94c112Ef48a","uniswap-v3","v3","0x2Ae3F1Ec7F1F5012CFEab0185bfc7aa3cf0DEc22","cbETH","18","0x833589fCD6eDb6E08f4c7C32D4f71b54bdA02913","USDC","6","3000","","","295854125856330","4563996839840104486588688","-195248","true","1769241378333"
"0x31789CBCcE6C48881be05A21f165A13DaC41DA7b","uniswap-v3","v3","0x2Ae3F1Ec7F1F5012CFEab0185bfc7aa3cf0DEc22","cbETH","18","0xcbB7C0000aB88B473b1f5aFd9ef808440eed33Bf","cbBTC","8","3000","","","851238722757","152297653235634118168836","-263254","true","1769241378925"
"0x97A4cdAc86De66bad1C9f00497C9D761349b5652","uniswap-v3","v3","0x2Ae3F1Ec7F1F5012CFEab0185bfc7aa3cf0DEc22","cbETH","18","0x236aa50979D5f3De3Bd1Eeb40E81137F22ab794b","tBTC","18","3000","","","140152126021121","410999416711244476991257553786","32926","true","1769241379596"
"0xC986BD739c99F4fda7b82a8BcB49cb159bF5c993","uniswap-v3","v3","0xd9aAEc86B65D86f6A7B5B1b0c42FFA531710b6CA","USDbC","6","0x833589fCD6eDb6E08f4c7C32D4f71b54bdA02913","USDC","6","3000","","","9750421215","79224966924585359125066499188","-1","true","1769241380142"
"0x72D0c3728EF9AF20EF0a1736cf6C21962d9b9873","uniswap-v3","v3","0xd9aAEc86B65D86f6A7B5B1b0c42FFA531710b6CA","USDbC","6","0xcbB7C0000aB88B473b1f5aFd9ef808440eed33Bf","cbBTC","8","3000","","","0","2838845942266267739712333939778","71580","true","1769241380708"
"0x0F1aB94784F8ddd61D80e39a415278f335c240d1","uniswap-v3","v3","0xd9aAEc86B65D86f6A7B5B1b0c42FFA531710b6CA","USDbC","6","0x236aa50979D5f3De3Bd1Eeb40E81137F22ab794b","tBTC","18","3000","","","3112918542","23948700305409723300948383","-162092","true","1769241381301"
"0x0b3A78Ca6133e6A4E351eEDd396EFD485EF299Dd","uniswap-v3","v3","0xc1CBa3fCea344f92D9239c08C0568f6F2F0ee452","wstETH","18","0xcbB7C0000aB88B473b1f5aFd9ef808440eed33Bf","cbBTC","8","3000","","","0","172726529971870326309930","-260736","true","1769241381868"
"0x8e1BD372B4506AD8b134c630d9526Cb69D29dcfB","uniswap-v3","v3","0xc1CBa3fCea344f92D9239c08C0568f6F2F0ee452","wstETH","18","0x2416092f143378750bb29b79eD961ab195CcEea5","ezETH","18","3000","","","73866859354586436","74090134449382932341328723508","-1342","true","1769241382432"
"0xeC558e484cC9f2210714E345298fdc53B253c27D","uniswap-v3","v3","0x833589fCD6eDb6E08f4c7C32D4f71b54bdA02913","USDC","6","0xcbB7C0000aB88B473b1f5aFd9ef808440eed33Bf","cbBTC","8","3000","","","426611618511","2647403621215168167048502375","-67979","true","1769241383004"
"0xecA826E450a8AC6Cf9Ab228AE12B84D0407212a7","uniswap-v3","v3","0x833589fCD6eDb6E08f4c7C32D4f71b54bdA02913","USDC","6","0x236aa50979D5f3De3Bd1Eeb40E81137F22ab794b","tBTC","18","3000","","","0","25241525840163056992143004","-161040","true","1769241383577"
"0x568CF5F8453212E5699FDA5f7f7b58bc4B1DA1FF","uniswap-v3","v3","0x04C0599Ae5A44757c0af6F9eC3b93da8976c150A","weETH","18","0xcbB7C0000aB88B473b1f5aFd9ef808440eed33Bf","cbBTC","8","3000","","","0","153469235542657077489580","-263100","true","1769241384137"
"0x240d07e4a0CeeA5d2C351cd9B5f6e6128C1987Fe","uniswap-v3","v3","0xcbB7C0000aB88B473b1f5aFd9ef808440eed33Bf","cbBTC","8","0x236aa50979D5f3De3Bd1Eeb40E81137F22ab794b","tBTC","18","3000","","","0","792242886762337261366193","-230271","true","1769241384694"
"0x6fb974DcEa795d10AdE524bcc3fC9e3E9D29EA87","uniswap-v3","v3","0x4200000000000000000000000000000000000006","WETH","18","0x2Ae3F1Ec7F1F5012CFEab0185bfc7aa3cf0DEc22","cbETH","18","10000","","","22445465373478574","83670698439433848521359817079","1091","true","1769241385266"
"0xe584Fe0C7505025c3819C82C99944b79a7cc009D","uniswap-v3","v3","0x4200000000000000000000000000000000000006","WETH","18","0xd9aAEc86B65D86f6A7B5B1b0c42FFA531710b6CA","USDbC","6","10000","","","15497372341729","4310946747914118412040459","-196389","true","1769241385879"
"0xa8F8A457f22D53f90998354879664d14cEE2f009","uniswap-v3","v3","0x4200000000000000000000000000000000000006","WETH","18","0xc1CBa3fCea344f92D9239c08C0568f6F2F0ee452","wstETH","18","10000","","","19442405742408683","71938156098362208216166134907","-1931","true","1769241386446"
"0x0b1C2DCbBfA744ebD3fC17fF1A96A1E1Eb4B2d69","uniswap-v3","v3","0x4200000000000000000000000000000000000006","WETH","18","0x833589fCD6eDb6E08f4c7C32D4f71b54bdA02913","USDC","6","10000","","","11582203684028245","4307414302315287032836677","-196405","true","1769241387013"
"0xFa038A1d7F6b68E29B02136939eAc4C81B612D60","uniswap-v3","v3","0x4200000000000000000000000000000000000006","WETH","18","0x04C0599Ae5A44757c0af6F9eC3b93da8976c150A","weETH","18","10000","","","2044585484979662","82752469406353449551438306227","870","true","1769241387653"
"0x233571eAE953D9d59eEFc0769F71Dc19287DDCCB","uniswap-v3","v3","0x4200000000000000000000000000000000000006","WETH","18","0xcbB7C0000aB88B473b1f5aFd9ef808440eed33Bf","cbBTC","8","10000","","","42645061969374","143870200824911960782198","-264392","true","1769241388224"
"0x9CD9012204dD12ACC228A7E8e4093E148845669B","uniswap-v3","v3","0x4200000000000000000000000000000000000006","WETH","18","0x2416092f143378750bb29b79eD961ab195CcEea5","ezETH","18","10000","","","122785238751004","81333452593211030394728329172","524","true","1769241388803"
"0x1CC3aDD0725c847A36110118a8E0A2cC410FEC5c","uniswap-v3","v3","0x4200000000000000000000000000000000000006","WETH","18","0x236aa50979D5f3De3Bd1Eeb40E81137F22ab794b","tBTC","18","10000","","","0","4295128740","-887272","true","1769241389353"
"0x4F964c5637F9052DC03eAf4308D0EE32D0A3b044","uniswap-v3","v3","0x2Ae3F1Ec7F1F5012CFEab0185bfc7aa3cf0DEc22","cbETH","18","0xd9aAEc86B65D86f6A7B5B1b0c42FFA531710b6CA","USDbC","6","10000","","","1883933131748","4564153595690665413499437","-195247","true","1769241389923"
"0xBdc631F8EE9111E980585e301c1F0B9D70F68f0f","uniswap-v3","v3","0x2Ae3F1Ec7F1F5012CFEab0185bfc7aa3cf0DEc22","cbETH","18","0xc1CBa3fCea344f92D9239c08C0568f6F2F0ee452","wstETH","18","10000","","","0","75946863992997275923773193705","-846","true","1769241390500"
"0xe65ef07833bE37659919Bbe7eC366a2EC889c884","uniswap-v3","v3","0x2Ae3F1Ec7F1F5012CFEab0185bfc7aa3cf0DEc22","cbETH","18","0x833589fCD6eDb6E08f4c7C32D4f71b54bdA02913","USDC","6","10000","","","0","4295128740","-887272","true","1769241391069"
"0x015E02B9B3cEED65ef5a4a21ee11C27573Ee9A29","uniswap-v3","v3","0x2Ae3F1Ec7F1F5012CFEab0185bfc7aa3cf0DEc22","cbETH","18","0xcbB7C0000aB88B473b1f5aFd9ef808440eed33Bf","cbBTC","8","10000","","","0","128333810231728547313481","-266678","true","1769241391712"
"0x4fEfC6745c3CBdc8069f6133F61a0951467ddf3F","uniswap-v3","v3","0xd9aAEc86B65D86f6A7B5B1b0c42FFA531710b6CA","USDbC","6","0x833589fCD6eDb6E08f4c7C32D4f71b54bdA02913","USDC","6","10000","","","15188532","79418894676667356025170642366","48","true","1769241392277"
"0x6CdbC1Be895c3e81D133711c2FA7B569A960289e","uniswap-v3","v3","0xd9aAEc86B65D86f6A7B5B1b0c42FFA531710b6CA","USDbC","6","0x236aa50979D5f3De3Bd1Eeb40E81137F22ab794b","tBTC","18","10000","","","0","13124032523563571632538207","-174122","true","1769241392850"
"0xe69f60f5770df72B429ce334A247D0408Cb14090","uniswap-v3","v3","0xc1CBa3fCea344f92D9239c08C0568f6F2F0ee452","wstETH","18","0x2416092f143378750bb29b79eD961ab195CcEea5","ezETH","18","10000","","","7407686164855","73258403822976387588776339845","-1567","true","1769241393413"
"0x3e7586D52A9D07F8611B8ecf6CCc8a689c34a659","uniswap-v3","v3","0x833589fCD6eDb6E08f4c7C32D4f71b54bdA02913","USDC","6","0xcbB7C0000aB88B473b1f5aFd9ef808440eed33Bf","cbBTC","8","10000","","","384752331","2639619067447089767343661310","-68038","true","1769241394063"
"0xEFE7Ba8Ce82E7d5C7792da173f069E9060619482","uniswap-v3","v3","0xcbB7C0000aB88B473b1f5aFd9ef808440eed33Bf","cbBTC","8","0x236aa50979D5f3De3Bd1Eeb40E81137F22ab794b","tBTC","18","10000","","","0","792243630700668809505412","-230271","true","1769241394632"
"0x9c15578cCC8e6530DD1C282e679aa2D63F1be607","baseswap","v2","0x4200000000000000000000000000000000000006","WETH","18","0x2Ae3F1Ec7F1F5012CFEab0185bfc7aa3cf0DEc22","cbETH","18","3000","58799628819652498","65909181382443530","","","","true","1769241395197"
"0xe902EF54E437967c8b37D30E80ff887955c90DB6","baseswap","v2","0x4200000000000000000000000000000000000006","WETH","18","0xd9aAEc86B65D86f6A7B5B1b0c42FFA531710b6CA","USDbC","6","3000","62858463654187855","185568375","","","","true","1769241395758"
"0xF848c131722ceEC41109597f60be73cCb4Fe74Ed","baseswap","v2","0x4200000000000000000000000000000000000006","WETH","18","0xc1CBa3fCea344f92D9239c08C0568f6F2F0ee452","wstETH","18","3000","275267204056190","222619029498900","","","","true","1769241396324"
"0x88A43bbDF9D098eEC7bCEda4e2494615dfD9bB9C","baseswap","v2","0x4200000000000000000000000000000000000006","WETH","18","0x833589fCD6eDb6E08f4c7C32D4f71b54bdA02913","USDC","6","3000","751188811888115503789","2214265698378","","","","true","1769241396899"
"0x64AAedA9c8A8839933707c6c2FaCd520768AB034","baseswap","v2","0x4200000000000000000000000000000000000006","WETH","18","0x04C0599Ae5A44757c0af6F9eC3b93da8976c150A","weETH","18","3000","50219877838109480","54549375054128889","","","","true","1769241397506"
"0x4fE4a5F570B046e3704Acd72fef6c508a310D3aA","baseswap","v2","0x4200000000000000000000000000000000000006","WETH","18","0xcbB7C0000aB88B473b1f5aFd9ef808440eed33Bf","cbBTC","8","3000","14349507563363537382","47325930","","","","true","1769241398072"
"0x4ED6664ac7FD98Ef58788Ea77fF00AC6ED233678","baseswap","v2","0x4200000000000000000000000000000000000006","WETH","18","0x2416092f143378750bb29b79eD961ab195CcEea5","ezETH","18","3000","979886492063473","1038079786143961","","","","true","1769241398651"
"0x18a9B853F0F55D5AF8c57EB2574471f1Ce10E79F","baseswap","v2","0x4200000000000000000000000000000000000006","WETH","18","0x236aa50979D5f3De3Bd1Eeb40E81137F22ab794b","tBTC","18","3000","749992242135","24748129670985","","","","true","1769241399245"
"0xcEC60680894DFfC387568d0e4D67C1C16958663d","baseswap","v2","0x2Ae3F1Ec7F1F5012CFEab0185bfc7aa3cf0DEc22","cbETH","18","0x833589fCD6eDb6E08f4c7C32D4f71b54bdA02913","USDC","6","3000","638321963240","2287","","","","true","1769241399850"
"0x17dA8a93956aDD11368999d3999B5700f0752aA4","baseswap","v2","0x2Ae3F1Ec7F1F5012CFEab0185bfc7aa3cf0DEc22","cbETH","18","0x04C0599Ae5A44757c0af6F9eC3b93da8976c150A","weETH","18","3000","36550187901374451","35386800688010581","","","","true","1769241400390"
"0x5E29096E17506105bFEC3CA29Ebf2385EEAaA4D1","baseswap","v2","0x2Ae3F1Ec7F1F5012CFEab0185bfc7aa3cf0DEc22","cbETH","18","0xcbB7C0000aB88B473b1f5aFd9ef808440eed33Bf","cbBTC","8","3000","5823515386325408","21500","","","","true","1769241400964"
"0xC5ACcD3e4f6dF1912498775807e0972B3ec43F29","baseswap","v2","0xd9aAEc86B65D86f6A7B5B1b0c42FFA531710b6CA","USDbC","6","0x833589fCD6eDb6E08f4c7C32D4f71b54bdA02913","USDC","6","3000","3513159","3524159","","","","true","1769241401540"
"0x0d00ae15444e5aa81a7B3340946488D1FEBE5CA9","baseswap","v2","0xd9aAEc86B65D86f6A7B5B1b0c42FFA531710b6CA","USDbC","6","0xcbB7C0000aB88B473b1f5aFd9ef808440eed33Bf","cbBTC","8","3000","47","38956","","","","true","1769241402116"
"0x0C93B4603d3e322fCD53Abf89B7aC9d3D331f404","baseswap","v2","0xd9aAEc86B65D86f6A7B5B1b0c42FFA531710b6CA","USDbC","6","0x236aa50979D5f3De3Bd1Eeb40E81137F22ab794b","tBTC","18","3000","12110353541145","1081221","","","","true","1769241402682"
"0xBDC24Dc777e7CaB0c23CAfaf4A5c904c3eEd1fFB","baseswap","v2","0xc1CBa3fCea344f92D9239c08C0568f6F2F0ee452","wstETH","18","0x833589fCD6eDb6E08f4c7C32D4f71b54bdA02913","USDC","6","3000","1","13528204","","","","true","1769241403340"
"0xf12e118F218b1A2F88b3fED2bDd5c3b8Ab296516","baseswap","v2","0xc1CBa3fCea344f92D9239c08C0568f6F2F0ee452","wstETH","18","0xcbB7C0000aB88B473b1f5aFd9ef808440eed33Bf","cbBTC","8","3000","462013008","1","","","","true","1769241403921"
"0xE5947c01fb3A4B6703f9416c29Ff736285BFd403","uniswap-v2","v2","0x833589fCD6eDb6E08f4c7C32D4f71b54bdA02913","USDC","6","0xcbB7C0000aB88B473b1f5aFd9ef808440eed33Bf","cbBTC","8","30","","","","","","true","1769243610039"
"0xA170bBA3532f972409939ad64Bcf42445d2Cc9Bc","baseswap","v2","0xcbB7C0000aB88B473b1f5aFd9ef808440eed33Bf","cbBTC","8","0x236aa50979D5f3De3Bd1Eeb40E81137F22ab794b","tBTC","18","3000","100114827","1","","","","true","1769241405054"
"0x47C59970b19c1274f4E82F5852CA61bFf50796e6","sushiswap-v3","v3","0x4200000000000000000000000000000000000006","WETH","18","0x2Ae3F1Ec7F1F5012CFEab0185bfc7aa3cf0DEc22","cbETH","18","100","","","0","1461446703485210103287273052203988822378723970341","887271","true","1769241405624"
"0x469869821505249869Ae8af9Aa503a1fd51e7F23","sushiswap-v3","v3","0x4200000000000000000000000000000000000006","WETH","18","0xd9aAEc86B65D86f6A7B5B1b0c42FFA531710b6CA","USDbC","6","100","","","1401130712082","4307938605237850699583407","-196403","true","1769241406198"
"0x61b8e24A432d7534B4d5aC2461a5eAecfbdb7D2E","sushiswap-v3","v3","0x4200000000000000000000000000000000000006","WETH","18","0xc1CBa3fCea344f92D9239c08C0568f6F2F0ee452","wstETH","18","100","","","999949","71692792480140615836830401664","-1999","true","1769241406770"
"0x482Fe995c4a52bc79271aB29A53591363Ee30a89","sushiswap-v3","v3","0x4200000000000000000000000000000000000006","WETH","18","0x833589fCD6eDb6E08f4c7C32D4f71b54bdA02913","USDC","6","100","","","40018120446100","4307505995712255336906752","-196405","true","1769241407335"
"0x40d9447E958f636aA8fbFCB8210115BF45c96CB9","sushiswap-v3","v3","0x4200000000000000000000000000000000000006","WETH","18","0xcbB7C0000aB88B473b1f5aFd9ef808440eed33Bf","cbBTC","8","100","","","0","4295128740","-887272","true","1769241407914"
"0xD3f749adA01aF29a713545Fb6b8E782B49A75a20","sushiswap-v3","v3","0xd9aAEc86B65D86f6A7B5B1b0c42FFA531710b6CA","USDbC","6","0x833589fCD6eDb6E08f4c7C32D4f71b54bdA02913","USDC","6","100","","","1259314926230","79226122784479877766500429987","-1","true","1769241408477"
"0x0269014dDb6bfaaf5FD9c8A4aCc5250dd68350D9","sushiswap-v3","v3","0x833589fCD6eDb6E08f4c7C32D4f71b54bdA02913","USDC","6","0xcbB7C0000aB88B473b1f5aFd9ef808440eed33Bf","cbBTC","8","100","","","0","2399752469275508393713155206","-69943","true","1769241409043"
"0xb81B9Aef36c76d740850C31C45697c83468DCB54","sushiswap-v3","v3","0x4200000000000000000000000000000000000006","WETH","18","0x2Ae3F1Ec7F1F5012CFEab0185bfc7aa3cf0DEc22","cbETH","18","500","","","1587633956144147322955","83865832912056247642577479125","1137","true","1769243869991"
"0x22ca6d83aB887A535ae1C6011cc36eA9D1255C31","sushiswap-v3","v3","0x4200000000000000000000000000000000000006","WETH","18","0xd9aAEc86B65D86f6A7B5B1b0c42FFA531710b6CA","USDbC","6","500","","","7063689686349478","4306258168271459403667373","-196411","true","1769243870099"
"0xa4F9dB7D9F39139e1eC45fbb708924CdFC09e8b9","sushiswap-v3","v3","0x4200000000000000000000000000000000000006","WETH","18","0xc1CBa3fCea344f92D9239c08C0568f6F2F0ee452","wstETH","18","500","","","21969225872187858","71584211960715341631125080179","-2030","true","1769241411024"
"0x57713F7716e0b0F65ec116912F834E49805480d2","sushiswap-v3","v3","0x4200000000000000000000000000000000000006","WETH","18","0x833589fCD6eDb6E08f4c7C32D4f71b54bdA02913","USDC","6","500","","","13052892571084872","4307214086133653984755960","-196406","true","1769241411593"
"0x358228caAf6C235CDF982bb99E919f6e1028905b","sushiswap-v3","v3","0x4200000000000000000000000000000000000006","WETH","18","0xcbB7C0000aB88B473b1f5aFd9ef808440eed33Bf","cbBTC","8","500","","","141903999965866","143939777308148629054247","-264383","true","1769241412248"
"0x2D3033a65E7E9370177e9d4d70dba55341D1b276","sushiswap-v3","v3","0x4200000000000000000000000000000000000006","WETH","18","0x2416092f143378750bb29b79eD961ab195CcEea5","ezETH","18","500","","","337086063036631","81741434371467783241194377898","624","true","1769241412824"
"0x27D8d938d9cfb97A85CA70DefA4D44762A2e1884","sushiswap-v3","v3","0xd9aAEc86B65D86f6A7B5B1b0c42FFA531710b6CA","USDbC","6","0x833589fCD6eDb6E08f4c7C32D4f71b54bdA02913","USDC","6","500","","","18038256280","79232559979698976259650529434","1","true","1769241413390"
"0x7D41D5003DcD7351C8dbBd156b166A42399a3151","sushiswap-v3","v3","0x833589fCD6eDb6E08f4c7C32D4f71b54bdA02913","USDC","6","0xcbB7C0000aB88B473b1f5aFd9ef808440eed33Bf","cbBTC","8","500","","","0","2595276131789667695918550655","-68377","true","1769241413959"
"0xBC533343834eaeE1077838a3F6A979688C834D76","sushiswap-v3","v3","0x4200000000000000000000000000000000000006","WETH","18","0xd9aAEc86B65D86f6A7B5B1b0c42FFA531710b6CA","USDbC","6","3000","","","17457439126311","4309087030608115559430088","-196398","true","1769241414519"
"0x41595326AaBe6132FC6C7aE71Af087A3A9DBC9F6","sushiswap-v3","v3","0x4200000000000000000000000000000000000006","WETH","18","0x833589fCD6eDb6E08f4c7C32D4f71b54bdA02913","USDC","6","3000","","","19621516459369870","4308771500724412605612567","-196399","true","1769241415090"
"0x99Dc44b6b406491Cad1Dd60AaF8992c498D4d5ba","sushiswap-v3","v3","0x4200000000000000000000000000000000000006","WETH","18","0xcbB7C0000aB88B473b1f5aFd9ef808440eed33Bf","cbBTC","8","3000","","","27386543550","144088720929585890811755","-264362","true","1769241415658"
"0x8d297E4bb28a0ECc9616E1f53213953C5a18bA11","sushiswap-v3","v3","0xd9aAEc86B65D86f6A7B5B1b0c42FFA531710b6CA","USDbC","6","0x833589fCD6eDb6E08f4c7C32D4f71b54bdA02913","USDC","6","3000","","","225697362","79192000422870520974347360168","-10","true","1769241416703"
"0xf6e34c3b65AD4A5f102A3fFf63fd5F0aEcb27EC6","sushiswap-v3","v3","0xc1CBa3fCea344f92D9239c08C0568f6F2F0ee452","wstETH","18","0x833589fCD6eDb6E08f4c7C32D4f71b54bdA02913","USDC","6","3000","","","0","1320466673772619325362522447619577","194433","true","1769241417294"
"0xdb96bDfdA012aA9292E1D44FEBAd2C7C7c279A4e","sushiswap-v3","v3","0x4200000000000000000000000000000000000006","WETH","18","0xd9aAEc86B65D86f6A7B5B1b0c42FFA531710b6CA","USDbC","6","10000","","","4793300180871","4316942711542560705188100","-196361","true","1769241417860"
"0x6fa08690355261b5360b2302bbF78f63e2B014f5","sushiswap-v3","v3","0x4200000000000000000000000000000000000006","WETH","18","0x833589fCD6eDb6E08f4c7C32D4f71b54bdA02913","USDC","6","10000","","","1869980204359","4324849139968089829591328","-196325","true","1769241418554"
"0xC5cB2554A3cD47B71766F709141eC49e40448202","sushiswap-v3","v3","0x4200000000000000000000000000000000000006","WETH","18","0xcbB7C0000aB88B473b1f5aFd9ef808440eed33Bf","cbBTC","8","10000","","","0","2505293362144502728968","-345406","true","1769241419130"
"0xF66dC6C9c8083f1CbC3bDe0d3FEf206c15a4B64e","sushiswap-v3","v3","0xd9aAEc86B65D86f6A7B5B1b0c42FFA531710b6CA","USDbC","6","0x833589fCD6eDb6E08f4c7C32D4f71b54bdA02913","USDC","6","10000","","","0","79267784519130042428790663799","10","true","1769241419705"
"0x257FCbAE4Ac6B26A02E4FC5e1a11e4174B5ce395","pancakeswap-v3","v3","0x4200000000000000000000000000000000000006","WETH","18","0x2Ae3F1Ec7F1F5012CFEab0185bfc7aa3cf0DEc22","cbETH","18","100","","","1023720905514179494577180","83883140638553199462555947995","1141","true","1769241420367"
"0xF6C0A374a483101e04EF5F7Ac9Bd15d9142BAC95","pancakeswap-v3","v3","0x4200000000000000000000000000000000000006","WETH","18","0xd9aAEc86B65D86f6A7B5B1b0c42FFA531710b6CA","USDbC","6","100","","","155409131830443","4306977003320060758052047","-196407","true","1769241420934"
"0xBd59a718E60bd868123C6E949c9fd97185EFbDB7","pancakeswap-v3","v3","0x4200000000000000000000000000000000000006","WETH","18","0xc1CBa3fCea344f92D9239c08C0568f6F2F0ee452","wstETH","18","100","","","770787158131629496809198","71583314374243308394843947149","-2030","true","1769241421504"
"0x72AB388E2E2F6FaceF59E3C3FA2C4E29011c2D38","pancakeswap-v3","v3","0x4200000000000000000000000000000000000006","WETH","18","0x833589fCD6eDb6E08f4c7C32D4f71b54bdA02913","USDC","6","100","","","5621453900467265256","4307695175890150273061392","-196404","true","1769241422069"
"0x302976A386fbb375033bE3Ac1E4112F76cf42ef7","pancakeswap-v3","v3","0x4200000000000000000000000000000000000006","WETH","18","0x04C0599Ae5A44757c0af6F9eC3b93da8976c150A","weETH","18","100","","","396676599136671098","82579745126676535065406585992","828","true","1769241423102"
"0xC211e1f853A898Bd1302385CCdE55f33a8C4B3f3","pancakeswap-v3","v3","0x4200000000000000000000000000000000000006","WETH","18","0xcbB7C0000aB88B473b1f5aFd9ef808440eed33Bf","cbBTC","8","100","","","135013934892556011","143954443979561490349895","-264381","true","1769241423676"
"0x4c98E9C2439C0d4621C62FeE2fED6D042fa8c570","pancakeswap-v3","v3","0x4200000000000000000000000000000000000006","WETH","18","0x2416092f143378750bb29b79eD961ab195CcEea5","ezETH","18","100","","","38163494188093","81775708754892671696746973113","633","true","1769241424241"
"0x5b2C49f59e2fE626435bB2698b62908EE5563C42","pancakeswap-v3","v3","0x2Ae3F1Ec7F1F5012CFEab0185bfc7aa3cf0DEc22","cbETH","18","0x833589fCD6eDb6E08f4c7C32D4f71b54bdA02913","USDC","6","100","","","0","5353845115325775973647094","-192056","true","1769241424804"
"0xc11821470AA1ef276dE8c5c3D0dB84EFC806fA11","pancakeswap-v3","v3","0x2Ae3F1Ec7F1F5012CFEab0185bfc7aa3cf0DEc22","cbETH","18","0xcbB7C0000aB88B473b1f5aFd9ef808440eed33Bf","cbBTC","8","100","","","492389182938","154278306865531500288265","-262995","true","1769241425371"
"0x29Ed55B18Af0Add137952CB3E29FB77B32fCE426","pancakeswap-v3","v3","0xd9aAEc86B65D86f6A7B5B1b0c42FFA531710b6CA","USDbC","6","0x833589fCD6eDb6E08f4c7C32D4f71b54bdA02913","USDC","6","100","","","135059271493608","79228209880658696026573661459","0","true","1769241426035"
"0x55B40f8911402568414ec6e7e0d2D87c3D19e65C","pancakeswap-v3","v3","0xd9aAEc86B65D86f6A7B5B1b0c42FFA531710b6CA","USDbC","6","0xcbB7C0000aB88B473b1f5aFd9ef808440eed33Bf","cbBTC","8","100","","","11316","2402159431840963588231994904376","68239","true","1769241426611"
"0x57821Eb8CfF3640C47D70e6E708773B53C113b5C","pancakeswap-v3","v3","0xc1CBa3fCea344f92D9239c08C0568f6F2F0ee452","wstETH","18","0x833589fCD6eDb6E08f4c7C32D4f71b54bdA02913","USDC","6","100","","","0","1225563001321575186678742200068470","192941","true","1769241427213"
"0xb94b22332ABf5f89877A14Cc88f2aBC48c34B3Df","pancakeswap-v3","v3","0x833589fCD6eDb6E08f4c7C32D4f71b54bdA02913","USDC","6","0xcbB7C0000aB88B473b1f5aFd9ef808440eed33Bf","cbBTC","8","100","","","1222045337516","2647706152420253043679382547","-67977","true","1769241427819"
"0x953F8b29049520eBE5c406ba255e3A9EcD36aDfC","pancakeswap-v3","v3","0xcbB7C0000aB88B473b1f5aFd9ef808440eed33Bf","cbBTC","8","0x236aa50979D5f3De3Bd1Eeb40E81137F22ab794b","tBTC","18","100","","","3739140923325015","791904210227732488620687","-230280","true","1769241428418"
"0xc0efC182479319ff258EcA420e2647cD82D3790c","pancakeswap-v3","v3","0x4200000000000000000000000000000000000006","WETH","18","0x2Ae3F1Ec7F1F5012CFEab0185bfc7aa3cf0DEc22","cbETH","18","500","","","8502905591453213473","83866989110149111930330500329","1138","true","1769241429012"
"0xe58b73fF901325b8b2056B29712C50237242F520","pancakeswap-v3","v3","0x4200000000000000000000000000000000000006","WETH","18","0xd9aAEc86B65D86f6A7B5B1b0c42FFA531710b6CA","USDbC","6","500","","","51085622281332","4306079331393080821105748","-196412","true","1769241429592"
"0x5bc04dAAE99cc364068DCd0a68736a63D933B544","pancakeswap-v3","v3","0x4200000000000000000000000000000000000006","WETH","18","0xc1CBa3fCea344f92D9239c08C0568f6F2F0ee452","wstETH","18","500","","","0","3122061472919709572766683338","-64680","true","1769241430158"
"0xB775272E537cc670C65DC852908aD47015244EaF","pancakeswap-v3","v3","0x4200000000000000000000000000000000000006","WETH","18","0x833589fCD6eDb6E08f4c7C32D4f71b54bdA02913","USDC","6","500","","","285381706082417346","4307070146173316557915415","-196407","true","1769241430731"
"0x7312Da426e5a5c26Ad97f6BA7d5D5c793114e56B","pancakeswap-v3","v3","0x4200000000000000000000000000000000000006","WETH","18","0x04C0599Ae5A44757c0af6F9eC3b93da8976c150A","weETH","18","500","","","0","81490008326421603022633267265","563","true","1769241431302"
"0xd974D59e30054cf1aBedeD0C9947B0D8Baf90029","pancakeswap-v3","v3","0x4200000000000000000000000000000000000006","WETH","18","0xcbB7C0000aB88B473b1f5aFd9ef808440eed33Bf","cbBTC","8","500","","","10473191032047238","143935595384158533196342","-264383","true","1769241431874"
"0xc72A0E227D30DE44c480d96a71D4411CE856b903","pancakeswap-v3","v3","0x4200000000000000000000000000000000000006","WETH","18","0x2416092f143378750bb29b79eD961ab195CcEea5","ezETH","18","500","","","3827338140296468","81825356023715135231599890720","645","true","1769241432474"
"0x0D486753B99b1e0548d3505D8B797c673b58Cad3","pancakeswap-v3","v3","0x4200000000000000000000000000000000000006","WETH","18","0x236aa50979D5f3De3Bd1Eeb40E81137F22ab794b","tBTC","18","500","","","12965407505066","435768337502452181279113136258","34097","true","1769241433043"
"0x5Dd2c409580f566bB9e6A95143AaDDFC6d6FAD7B","pancakeswap-v3","v3","0x2Ae3F1Ec7F1F5012CFEab0185bfc7aa3cf0DEc22","cbETH","18","0xd9aAEc86B65D86f6A7B5B1b0c42FFA531710b6CA","USDbC","6","500","","","0","3961339671291671466576572","-198080","true","1769241433613"
"0xcB5efa901172C092fac066f3773Ad0e022A87D72","pancakeswap-v3","v3","0x2Ae3F1Ec7F1F5012CFEab0185bfc7aa3cf0DEc22","cbETH","18","0x833589fCD6eDb6E08f4c7C32D4f71b54bdA02913","USDC","6","500","","","241681370127","4556339113821649199525599","-195282","true","1769241434177"
"0xDeAbDc16042b871934B6ea2afdB2da824c9cD315","pancakeswap-v3","v3","0xd9aAEc86B65D86f6A7B5B1b0c42FFA531710b6CA","USDbC","6","0x833589fCD6eDb6E08f4c7C32D4f71b54bdA02913","USDC","6","500","","","940043","79241657359581099545720327083","3","true","1769241434785"
"0x26e263efdc91f0d3279E2Ec2Bd58A7Ca5C2fCE62","pancakeswap-v3","v3","0x833589fCD6eDb6E08f4c7C32D4f71b54bdA02913","USDC","6","0xcbB7C0000aB88B473b1f5aFd9ef808440eed33Bf","cbBTC","8","500","","","149355066833","2647811320736510021368064116","-67976","true","1769241435357"
"0xCF2E4a0618AE3D77F1811785433D03E9645E1b06","pancakeswap-v3","v3","0x833589fCD6eDb6E08f4c7C32D4f71b54bdA02913","USDC","6","0x236aa50979D5f3De3Bd1Eeb40E81137F22ab794b","tBTC","18","500","","","2430748315","23732790180783053834708552","-162273","true","1769241435927"
"0x103E501A688FFa9533DBAfBc763Ac8f022e578df","pancakeswap-v3","v3","0x4200000000000000000000000000000000000006","WETH","18","0xd9aAEc86B65D86f6A7B5B1b0c42FFA531710b6CA","USDbC","6","2500","","","12720092926459","4306163734663062547540478","-196411","true","1769241436497"
"0xE9d76696f8A35e2E2520e3125875C3af23f1E69c","pancakeswap-v3","v3","0x4200000000000000000000000000000000000006","WETH","18","0x833589fCD6eDb6E08f4c7C32D4f71b54bdA02913","USDC","6","2500","","","617788730060286","4309087533177214351968032","-196398","true","1769241437090"
"0x5b3613ef9a535b48e82e2800aCb77053DFeC93b1","pancakeswap-v3","v3","0x4200000000000000000000000000000000000006","WETH","18","0xcbB7C0000aB88B473b1f5aFd9ef808440eed33Bf","cbBTC","8","2500","","","0","135434081283584101721128","-265601","true","1769241437659"
"0x576bcf3E94890B2dF7eBf38B0021B297Bb81f4f6","pancakeswap-v3","v3","0x2Ae3F1Ec7F1F5012CFEab0185bfc7aa3cf0DEc22","cbETH","18","0x833589fCD6eDb6E08f4c7C32D4f71b54bdA02913","USDC","6","2500","","","0","4172610797631866957119337","-197041","true","1769241438228"
"0x833173d11a5A3730893E6414A390890687f56011","pancakeswap-v3","v3","0x2Ae3F1Ec7F1F5012CFEab0185bfc7aa3cf0DEc22","cbETH","18","0xcbB7C0000aB88B473b1f5aFd9ef808440eed33Bf","cbBTC","8","2500","","","0","155076604523730906202264","-262892","true","1769241438813"
"0xa002b68292131d2f70518d7dFf63bd9D99d189F2","pancakeswap-v3","v3","0xd9aAEc86B65D86f6A7B5B1b0c42FFA531710b6CA","USDbC","6","0x833589fCD6eDb6E08f4c7C32D4f71b54bdA02913","USDC","6","2500","","","8174085923","79281803399961974459807018698","13","true","1769241439383"
"0x11b33f64cf3831c15c8B984011514720D3F02A20","pancakeswap-v3","v3","0xd9aAEc86B65D86f6A7B5B1b0c42FFA531710b6CA","USDbC","6","0xcbB7C0000aB88B473b1f5aFd9ef808440eed33Bf","cbBTC","8","2500","","","0","2388716608409958921053806961366","68127","true","1769241439996"
"0x748Bb91Fc5F4200302D9A79185bC161260a1B461","pancakeswap-v3","v3","0x833589fCD6eDb6E08f4c7C32D4f71b54bdA02913","USDC","6","0xcbB7C0000aB88B473b1f5aFd9ef808440eed33Bf","cbBTC","8","2500","","","0","2731401549562040575005916109","-67354","true","1769241440569"
"0x98D2e8e18De100Ff872eAa60392D580146a9d606","pancakeswap-v3","v3","0x4200000000000000000000000000000000000006","WETH","18","0x2Ae3F1Ec7F1F5012CFEab0185bfc7aa3cf0DEc22","cbETH","18","10000","","","3527740261467882","83488361473067267988261035686","1047","true","1769241441104"
"0x16DE087BB1a220c7Fc388F3F0dfd38EB1FCdf8b0","pancakeswap-v3","v3","0x4200000000000000000000000000000000000006","WETH","18","0xd9aAEc86B65D86f6A7B5B1b0c42FFA531710b6CA","USDbC","6","10000","","","1670040818504","4322893955157136816003649","-196334","true","1769241441697"
"0x118EFEF7DB0712F03E067122b8F89E7a4B79262f","pancakeswap-v3","v3","0x4200000000000000000000000000000000000006","WETH","18","0x833589fCD6eDb6E08f4c7C32D4f71b54bdA02913","USDC","6","10000","","","3943409872849","4291042825420362809660277","-196481","true","1769241442263"
"0x20FBFEB86c69241F1d41B972C556d3a2A9f5BECB","pancakeswap-v3","v3","0x4200000000000000000000000000000000000006","WETH","18","0x04C0599Ae5A44757c0af6F9eC3b93da8976c150A","weETH","18","10000","","","0","80929911726387715354948815921","425","true","1769241442839"
"0xA97C08bc49C246e583a3557f2922DaA9e5D1b404","pancakeswap-v3","v3","0x4200000000000000000000000000000000000006","WETH","18","0xcbB7C0000aB88B473b1f5aFd9ef808440eed33Bf","cbBTC","8","10000","","","118222614657","144177535791072143809588","-264350","true","1769241443405"
"0xb2aEBaB052D834E8931e990035ab648835337026","pancakeswap-v3","v3","0x2Ae3F1Ec7F1F5012CFEab0185bfc7aa3cf0DEc22","cbETH","18","0xc1CBa3fCea344f92D9239c08C0568f6F2F0ee452","wstETH","18","10000","","","0","75814079840126214843716192929","-881","true","1769241443976"
"0x21A2baF7cB4e905866327d62E356223E703C2Ce0","pancakeswap-v3","v3","0x2Ae3F1Ec7F1F5012CFEab0185bfc7aa3cf0DEc22","cbETH","18","0xcbB7C0000aB88B473b1f5aFd9ef808440eed33Bf","cbBTC","8","10000","","","0","164341513949483820326748","-261731","true","1769241444638"
"0xe513d88B4894ea0281B3DBE0066B8A72F103c125","pancakeswap-v3","v3","0xd9aAEc86B65D86f6A7B5B1b0c42FFA531710b6CA","USDbC","6","0x833589fCD6eDb6E08f4c7C32D4f71b54bdA02913","USDC","6","10000","","","2010116563","79440871956283595054634012248","53","true","1769241445205"
"0xBD65764C8Eb1b8858D323066F488b73f6fe22DC9","pancakeswap-v3","v3","0x833589fCD6eDb6E08f4c7C32D4f71b54bdA02913","USDC","6","0xcbB7C0000aB88B473b1f5aFd9ef808440eed33Bf","cbBTC","8","10000","","","0","2686483627238980368688947367","-67686","true","1769241445769"